task_id,question,context,ground_truth,depth_score,parallel_score,source_dataset
arith_001,"If a train travels at 80 km/h and needs to cover 240 km, how many hours will the journey take?",,3 hours,2,1,template_arithmetic
arith_002,A rectangle has a length of 15 cm and a width of 8 cm. What is its area?,,120 square centimeters,2,1,template_arithmetic
arith_003,"If you invest $1,000 at an annual interest rate of 5% for 3 years with simple interest, how much interest do you earn?",,$150,3,1,template_arithmetic
arith_009,"If a recipe calls for 2.5 cups of flour for 12 cookies, how many cups of flour are needed for 48 cookies?",,10 cups,3,1,template_arithmetic
arith_010,The speed of light is approximately 3 × 10^8 m/s. How long does it take light to travel 1.5 × 10^11 meters (approximately the distance from Earth to the Sun)?,,500 seconds (approximately 8.3 minutes),3,1,template_arithmetic
arith_011,"If a car uses 8 liters of fuel per 100 km, how much fuel is needed to travel 350 km?",,28 liters,3,1,template_arithmetic
arith_015,What is the sum of the angles in a hexagon?,,720 degrees,3,1,template_arithmetic
arith_017,A sphere has a radius of 5 cm. What is its volume? (Use π ≈ 3.14159),,approximately 523.6 cubic centimeters,3,1,template_arithmetic
arith_018,"If you run 5 km in 25 minutes, what is your pace in minutes per kilometer?",,5 minutes per kilometer,2,1,template_arithmetic
arith_020,"How many seconds are in 2 hours, 15 minutes, and 30 seconds?",,"8,130 seconds",3,1,template_arithmetic
arith_021,A 6% sales tax is applied to a $250 purchase. What is the total cost including tax?,,$265,3,1,template_arithmetic
arith_022,"Two trains leave stations 360 km apart, traveling toward each other. Train A travels at 90 km/h and Train B at 120 km/h. How long before they meet?",,"1 hour 43 minutes (approximately), or exactly 360/210 hours ≈ 1.71 hours",4,1,template_arithmetic
arith_023,"If 1 inch = 2.54 cm, how many centimeters are in 5 feet 11 inches?",,180.34 cm,3,1,template_arithmetic
arith_024,A cylindrical tank has a radius of 3 meters and a height of 8 meters. What is its volume in liters? (1 cubic meter = 1000 liters),,"approximately 226,195 liters",3,1,template_arithmetic
arith_025,"What is the median of the following dataset: 12, 7, 3, 25, 18, 9, 14?",,12,3,3,template_arithmetic
arith_026,"If a square has a diagonal of 10 cm, what is its side length? (Give the exact answer)?",,5√2 cm (approximately 7.07 cm),3,1,template_arithmetic
arith_027,"A bag of rice weighs 25 kg. If rice costs $1.20 per kg, what is the cost of the entire bag?",,$30,2,1,template_arithmetic
arith_028,"If you fold a piece of paper in half 10 times, how many layers of paper do you have?",,"1,024 layers",3,1,template_arithmetic
arith_030,"If a worker earns $18 per hour and works 8 hours a day for 22 working days, what is the monthly salary?",,"$3,168",3,1,template_arithmetic
arith_031,"The ratio of boys to girls in a class is 3:4. If there are 28 girls, how many boys are there?",,21 boys,3,2,template_arithmetic
arith_032,"What is the compound interest earned on $5,000 at 4% annual interest rate compounded annually for 2 years?",,"$408 (total amount $5,408)",4,1,template_arithmetic
arith_034,How many prime numbers are there between 1 and 30?,,"10 (2, 3, 5, 7, 11, 13, 17, 19, 23, 29)",3,1,template_arithmetic
arith_035,"If a map has a scale of 1:50,000 and two cities are 8 cm apart on the map, what is the actual distance between them?",,4 km,3,3,template_arithmetic
arith_036,"What is the LCM (Least Common Multiple) of 12, 18, and 24?",,72,3,1,template_arithmetic
arith_038,"Three pipes can fill a tank in 4, 6, and 12 hours respectively. If all three are open simultaneously, how long does it take to fill the tank?",,2 hours,4,2,template_arithmetic
bridge_004,Which country is the headquarters of the company that makes the iPhone?,"The iPhone is made by Apple Inc. Apple Inc. is headquartered in Cupertino, United States.",United States,3,1,hotpotqa_style
bridge_005,What language is spoken in the country where the Eiffel Tower is located?,The Eiffel Tower is located in France. The primary language of France is French.,French,3,1,hotpotqa_style
bridge_006,Who is the president of the country that hosted the 2016 Summer Olympics?,"The 2016 Summer Olympics were hosted in Rio de Janeiro, Brazil. The current president of Brazil is Luiz Inácio Lula da Silva.",Luiz Inácio Lula da Silva,4,1,hotpotqa_style
bridge_008,In which city was the university where Albert Einstein studied physics located?,"Albert Einstein studied physics at ETH Zurich. ETH Zurich is located in Zurich, Switzerland.",Zurich,4,1,hotpotqa_style
bridge_013,What is the capital of the country where Mount Fuji is located?,Mount Fuji is located in Japan. The capital of Japan is Tokyo.,Tokyo,3,1,hotpotqa_style
bridge_014,In what country was the programming language Python created?,Python was created by Guido van Rossum. Guido van Rossum was born in the Netherlands and developed Python there.,Netherlands,3,1,hotpotqa_style
bridge_015,What sport was invented in the country where the Red Cross was founded?,The Red Cross was founded in Switzerland. Switzerland is known for inventing the sport of skiing as a recreational activity in the Alps.,Skiing,3,1,hotpotqa_style
bridge_016,Who painted the ceiling of the building that also contains the Pietà sculpture?,"The Pietà sculpture is located in St. Peter's Basilica in Vatican City. The ceiling of the Sistine Chapel, adjacent to St. Peter's, was painted by Michelangelo.",Michelangelo,3,1,hotpotqa_style
bridge_017,What is the GDP ranking of the country that launched the first artificial satellite?,"The first artificial satellite, Sputnik 1, was launched by the Soviet Union (now Russia) in 1957. Russia ranks approximately 11th globally by nominal GDP.",Russia is ranked approximately 11th by nominal GDP,3,1,hotpotqa_style
bridge_020,Which country is home to the university where Stephen Hawking was a professor?,Stephen Hawking was a professor at the University of Cambridge. The University of Cambridge is located in the United Kingdom.,United Kingdom,4,1,hotpotqa_style
bridge_023,What is the capital of the country where the Nobel Peace Prize is awarded?,"The Nobel Peace Prize is awarded in Oslo, Norway. Oslo is the capital of Norway.",Oslo,3,1,hotpotqa_style
bridge_024,In what city was the company that created the Android operating system founded?,"Android was created by Android Inc., which was later acquired by Google. Android Inc. was founded in Palo Alto, California.",Palo Alto,3,1,hotpotqa_style
bridge_025,What language is primarily spoken in the country where the tango dance originated?,The tango dance originated in Argentina. Spanish is the primary language spoken in Argentina.,Spanish,3,1,hotpotqa_style
bridge_026,Which river flows through the city where the Louvre Museum is located?,"The Louvre Museum is located in Paris, France. The Seine River flows through Paris.",Seine,4,1,hotpotqa_style
bridge_027,What is the time zone of the city that is the headquarters of the United Nations?,The United Nations headquarters is located in New York City. New York City is in the Eastern Time Zone.,Eastern Time Zone (ET),3,1,hotpotqa_style
bridge_028,What country shares a border with the country where the Great Wall is located?,"The Great Wall of China is located in China. China shares borders with Russia, among other countries.",Russia,3,1,hotpotqa_style
bridge_029,What is the official language of the country where Mahatma Gandhi was born?,"Mahatma Gandhi was born in Porbandar, India. India's official language is Hindi (along with English).",Hindi,3,1,hotpotqa_style
bridge_030,Who is the head of state of the country where the Acropolis is located?,"The Acropolis is located in Athens, Greece. The President of Greece is Katerina Sakellaropoulou.",Katerina Sakellaropoulou,3,1,hotpotqa_style
bridge_031,What element did the scientist who discovered penicillin study?,Penicillin was discovered by Alexander Fleming. Fleming was a bacteriologist who studied bacteria and mold.,Bacteria,3,1,hotpotqa_style
bridge_032,Which company manufactured the spacecraft that first landed humans on the Moon?,The Apollo 11 mission first landed humans on the Moon. The Lunar Module used in Apollo 11 was manufactured by Grumman.,Grumman,3,1,hotpotqa_style
bridge_034,In which country was the first commercial airline flight operated?,"The first scheduled commercial airline service was operated in 1914 by the St. Petersburg-Tampa Airboat Line in Florida, United States.",United States,3,1,hotpotqa_style
bridge_035,What award did the author of 'The Old Man and the Sea' win?,'The Old Man and the Sea' was written by Ernest Hemingway. Hemingway won the Nobel Prize in Literature in 1954.,Nobel Prize in Literature,3,1,hotpotqa_style
bridge_037,What was the profession of the person after whom the unit of electrical resistance is named?,"The unit of electrical resistance is the Ohm, named after Georg Simon Ohm. Georg Simon Ohm was a German physicist.",Physicist,3,1,hotpotqa_style
bridge_038,In which country was the framework Django (web framework) created?,"Django was created by Adrian Holovaty and Simon Willison at the Lawrence Journal-World newspaper in Lawrence, Kansas, United States.",United States,3,1,hotpotqa_style
bridge_039,What sea lies to the north of the country where the ancient city of Carthage was located?,The ancient city of Carthage was located in present-day Tunisia. The Mediterranean Sea lies to the north of Tunisia.,Mediterranean Sea,3,1,hotpotqa_style
bridge_042,What is the population of the city where the headquarters of the World Health Organization is located?,"The World Health Organization is headquartered in Geneva, Switzerland. The population of Geneva is approximately 200,000.","approximately 200,000",3,1,hotpotqa_style
bridge_043,Who is the CEO of the company that owns Instagram?,Instagram is owned by Meta Platforms. The CEO of Meta Platforms is Mark Zuckerberg.,Mark Zuckerberg,3,1,hotpotqa_style
bridge_044,What is the boiling point of the element that was discovered by the scientist who won the first Nobel Prize in Physics?,"Wilhelm Röntgen won the first Nobel Prize in Physics in 1901 for discovering X-rays. However, the element discovered via the Nobel-winning work in Physics is debated; Wilhelm Röntgen discovered X-rays, not a new element. The first Nobel Prize in Physics went to Röntgen for X-rays.",minus 267.9 degrees Celsius,5,1,hotpotqa_style
bridge_046,What ocean is bordered by the continent where the Sahara Desert is primarily located?,The Sahara Desert is primarily located in Africa. Africa is bordered by the Atlantic Ocean to the west.,Atlantic Ocean,3,1,hotpotqa_style
bridge_047,What is the capital of the country where the company that makes Nutella is headquartered?,Nutella is made by Ferrero Group. Ferrero Group is headquartered in Italy. The capital of Italy is Rome.,Rome,4,1,hotpotqa_style
bridge_048,Who succeeded the president who was assassinated in Dallas in 1963?,President John F. Kennedy was assassinated in Dallas in 1963. He was succeeded by Vice President Lyndon B. Johnson.,Lyndon B. Johnson,3,1,hotpotqa_style
cmp_003,Who was born first: Isaac Newton or Galileo Galilei?,,Galileo Galilei (born 1564) was born before Isaac Newton (born 1643),3,3,template_comparison
cmp_004,Which planet is closer to the Sun: Mars or Venus?,,Venus is closer to the Sun than Mars,3,2,template_comparison
cmp_005,Which has a higher boiling point: water or ethanol?,,Water (100°C) has a higher boiling point than ethanol (78.4°C),3,2,template_comparison
cmp_006,Which novel was published first: '1984' by George Orwell or 'Brave New World' by Aldous Huxley?,,'Brave New World' (1932) was published before '1984' (1949),4,3,template_comparison
cmp_008,Which is denser: iron or aluminum?,,Iron (7.87 g/cm3) is denser than aluminum (2.70 g/cm3),3,2,template_comparison
cmp_009,Which country has a larger population: India or China?,,"As of 2023, India surpassed China to become the most populous country",3,2,template_comparison
cmp_010,Which war ended first: World War I or the American Civil War?,,The American Civil War (ended 1865) ended before World War I (ended 1918),4,3,template_comparison
cmp_012,Which programming language was created first: Python or Java?,,Python (1991) was created before Java (1995),3,3,template_comparison
cmp_013,Which ocean is deeper on average: the Pacific or the Atlantic?,,"The Pacific Ocean (average depth ~4,000 m) is deeper than the Atlantic (~3,300 m)",3,2,template_comparison
cmp_015,Which is faster: the speed of sound in air or the speed of sound in water?,,"Sound travels faster in water (~1,480 m/s) than in air (~343 m/s)",3,2,template_comparison
cmp_017,Which element has a higher atomic mass: gold or platinum?,,Gold (197 u) has a higher atomic mass than Platinum (195 u),3,2,template_comparison
cmp_019,Which is larger: the Great Barrier Reef or the Amazon Rainforest in total area?,,"The Amazon Rainforest (~5.5 million km2) is much larger than the Great Barrier Reef (~344,000 km2)",4,2,template_comparison
cmp_020,Which has a higher melting point: tungsten or iron?,,"Tungsten (3,422°C) has a much higher melting point than iron (1,538°C)",3,2,template_comparison
cmp_021,Who ruled longer: Queen Victoria of Britain or King Louis XIV of France?,,King Louis XIV ruled for 72 years (1643-1715); Queen Victoria ruled for 63 years (1837-1901). Louis XIV ruled longer.,5,2,template_comparison
cmp_023,Which is older: the Roman Colosseum or the Parthenon in Athens?,,The Parthenon (completed ~432 BCE) is older than the Roman Colosseum (completed ~80 CE),3,2,template_comparison
cmp_028,Which country has more time zones: Russia or the United States?,,"Russia has 11 time zones, while the United States has 6 standard time zones (or 9 including territories). Russia has more.",3,2,template_comparison
cmp_029,Which is heavier: 1 kg of steel or 1 kg of feathers?,,They weigh the same - both are 1 kg,2,2,template_comparison
cmp_030,Which empire lasted longer: the Roman Empire or the Byzantine Empire?,,"The Byzantine Empire (Eastern Roman Empire, ~330-1453 CE, ~1123 years) lasted longer than the Western Roman Empire (~27 BCE-476 CE, ~503 years)",4,2,template_comparison
cmp_031,Which has more known moons: Saturn or Jupiter?,,"As of 2023, Saturn has more confirmed moons (146) than Jupiter (95)",3,2,template_comparison
comp_001,The scientist who discovered radioactivity was born in the same country as the mathematician who proved Fermat's Last Theorem. What is that country?,Marie Curie discovered radioactivity and was born in Poland. Andrew Wiles proved Fermat's Last Theorem and is British.,"Poland and United Kingdom respectively - they are not from the same country. Marie Curie was Polish, Andrew Wiles is British.",5,1,musique_style
comp_002,The person who wrote 'The Communist Manifesto' was born in the same city as a famous German philosopher known for the 'Categorical Imperative'. What city is that?,"Karl Marx wrote 'The Communist Manifesto' and was born in Trier, Germany. Immanuel Kant, known for the Categorical Imperative, was born in Königsberg (now Kaliningrad, Russia).","Neither is from the same city - Marx was from Trier, Kant from Königsberg.",5,1,musique_style
comp_004,What is the name of the mountain that is the highest peak on the continent where the Nile River originates?,The Nile River originates in Africa. The highest peak on the continent of Africa is Mount Kilimanjaro.,Mount Kilimanjaro,4,1,musique_style
comp_005,"Which country owns the island where Charles Darwin collected specimens that led to his theory of evolution, and what is that country's capital?",Charles Darwin collected specimens on the Galápagos Islands. The Galápagos Islands belong to Ecuador. The capital of Ecuador is Quito.,"Ecuador, Quito",5,2,musique_style
comp_011,What is the currency of the country whose prime minister gave the famous 'Iron Curtain' speech?,The 'Iron Curtain' speech was given by Winston Churchill. Churchill was the Prime Minister of the United Kingdom. The currency of the United Kingdom is the Pound Sterling.,Pound Sterling,4,1,musique_style
comp_013,The founder of the country that launched the first human to space later served as which type of political leader?,"The Soviet Union launched Yuri Gagarin, the first human in space, in 1961. The Soviet Union was founded by Vladimir Lenin, who served as Premier (head of government).",This is ambiguous - the Soviet Union launched Yuri Gagarin; its founder Lenin served as Premier.,4,1,musique_style
comp_014,Which country is home to the institution that administers the programming language used to build the Linux kernel?,The Linux kernel is written in the C programming language. The C programming language was created at Bell Labs in the United States.,United States,3,1,musique_style
comp_016,What is the name of the ocean that borders the continent containing the country that invented chess?,Chess was invented in India. India is on the continent of Asia. The Indian Ocean borders the southern part of Asia.,Indian Ocean,4,1,musique_style
comp_017,What is the diameter of the planet that comes after the planet named after the Roman god of war in the solar system order from the Sun?,"The planet named after the Roman god of war is Mars. The planet after Mars is Jupiter. Jupiter's diameter is approximately 139,820 km.","approximately 139,820 km",5,1,musique_style
comp_018,Who was the monarch of England when the country that first landed on the Moon declared independence?,The United States was the first country to land on the Moon. The United States declared independence in 1776. The monarch of England in 1776 was King George III.,King George III,5,1,musique_style
comp_019,What is the name of the strait that separates the country that produces the most olive oil from continental Europe?,"Spain is the world's largest producer of olive oil. The Strait of Gibraltar separates Spain (part of continental Europe) from Africa, but it also connects the Atlantic Ocean to the Mediterranean. The question may refer to Morocco. Spain itself is on continental Europe.",Strait of Gibraltar,4,1,musique_style
comp_020,What is the length of the longest river in the country that is the world's largest producer of coffee?,"Brazil is the world's largest producer of coffee. The longest river in Brazil is the Amazon River, which is approximately 6,400 km long in total, with about 3,300 km in Brazil.","approximately 3,300 km (Amazon River in Brazil)",4,1,musique_style
comp_021,What was the full name of the person who developed the theory of evolution and also wrote about earthworms?,"Charles Darwin developed the theory of evolution. He also wrote 'The Formation of Vegetable Mould, through the Action of Worms'. His full name was Charles Robert Darwin.",Charles Robert Darwin,3,1,musique_style
comp_027,What is the atomic number of the element named after the country that is home to CERN?,"CERN is located in Switzerland (and France). There is no element named after Switzerland. The closest is Helvetium, which is an old name sometimes used but not an official element.","99 (Einsteinium is named after Einstein, not Switzerland). Francium (87) is named after France. Germanium (32) after Germany. There is no element named after Switzerland.",4,1,musique_style
comp_028,What is the name of the political party of the first female prime minister of the country that invented the World Wide Web?,"The World Wide Web was invented by Tim Berners-Lee, a British scientist. The first female Prime Minister of the United Kingdom was Margaret Thatcher. She was a member of the Conservative Party.",Conservative Party,4,1,musique_style
comp_029,What is the distance in kilometers from the capital of the country that produces the most rice to the capital of the country that consumes the most rice?,"China produces the most rice and its capital is Beijing. India consumes the most rice and its capital is New Delhi. The distance from Beijing to New Delhi is approximately 3,781 km by air.","approximately 2,152 km (Beijing to Delhi)",4,1,musique_style
comp_030,Which element is named after the scientist who discovered the first law of radioactive decay and also won the Nobel Prize in Chemistry?,Ernest Rutherford discovered the laws of radioactive decay and won the Nobel Prize in Chemistry in 1908. Element 104 is named Rutherfordium in his honor.,Rutherfordium,4,1,musique_style
comp_032,Who was the prime minister of the country that developed the first nuclear bomb at the time it was dropped?,The United States developed and dropped the first nuclear bomb in 1945. Harry S. Truman was President (not Prime Minister) at the time.,Harry S. Truman was President (not PM) of the United States,3,1,musique_style
comp_033,What is the population of the city that serves as the capital of the country that has the world's longest coastline?,Canada has the world's longest coastline. The capital of Canada is Ottawa. Ottawa has a population of approximately 1.4 million.,approximately 1.4 million (Ottawa),4,1,musique_style
comp_034,Which musician was born in the same decade that the country where jazz music originated gained independence?,"Jazz music originated in the United States. The United States gained independence in 1776. Ludwig van Beethoven was born in 1770, in that same decade.",This is a complex question - jazz originated in the United States which gained independence in 1776 (the 1770s decade). Musicians born in the 1770s include Ludwig van Beethoven (1770).,4,1,musique_style
comp_037,Which ocean liner sank near the country that produces the world's most maple syrup?,"Canada is the world's largest producer of maple syrup. The Titanic sank in the North Atlantic Ocean, approximately 600 km from the coast of Newfoundland, Canada.",Titanic,3,1,musique_style
comp_039,What element did the scientist discover who is the namesake of the element with atomic number 96?,"Element with atomic number 96 is Curium, named after Marie and Pierre Curie. Marie Curie discovered Polonium and Radium.",Polonium and Radium,4,1,musique_style
